﻿<?xml version="1.0" encoding="utf-8" ?>
<hibernate-mapping xmlns="urn:nhibernate-mapping-2.0">

  <!-- Mapeamento da Classe / Tabela -->
  <class name="DAL.Model.Cliente, DAL" table="Cliente">

    <!-- chave primária -->
    <id name="IdCliente" column="IdCliente" type="Int32">
      <generator class="identity"/> <!-- Geração da chave primaria -->
    </id>

    <!-- demais colunas da tabela -->
    <property name="Nome" column="Nome" type="String" not-null="true" length="50"/>
    <property name="Email" column="Email" type="String" not-null="true" length="50" unique="true"/>
    <property name="DataCadastro" column="DataCadastro" type="DateTime" not-null="true"/>
    
  </class>  
  
</hibernate-mapping>
