﻿<?xml version="1.0" encoding="utf-8" ?>
<hibernate-configuration xmlns="urn:nhibernate-configuration-2.0">
  <session-factory>
    <property name="connection.provider">NHibernate.Connection.DriverConnectionProvider</property>
    <property name="dialect">NHibernate.Dialect.MsSql2000Dialect</property>
    <property name="connection.driver_class">NHibernate.Driver.SqlClientDriver</property>
    <property name="connection.connection_string">Data Source=(LocalDB)\v11.0;AttachDbFilename=C:\Users\Note-HP\Desktop\_Aula_01.02.14\Aula22\Site\App_Data\Banco.mdf;Integrated Security=True</property>
  </session-factory>
</hibernate-configuration>

