﻿<?xml version="1.0" encoding="utf-8" ?>
<hibernate-mapping xmlns="urn:nhibernate-mapping-2.0">

  <!-- Caminho da Classe / Tabela -->
  <class name="DAL.Model.Cliente, DAL" table="Cliente">

    <!-- Chave primária -->
    <id name="IdCliente" column="IdCliente" type="Int32">
      <generator class="identity"/>
    </id>

    <!-- Mapeamento das demais colunas -->
    <property name="Nome" column="Nome" type="String" not-null="true" length="50"/>
    <property name="Sexo" column="Sexo" type="Char" not-null="true" length="1"/>
    <property name="DataCadastro" column="DataCadastro" type="DateTime" not-null="true"/>
    
  </class>  
  
</hibernate-mapping>
