﻿<?xml version="1.0" encoding="utf-8" ?>
<hibernate-mapping xmlns="urn:nhibernate-mapping-2.0">

  <class name="DAL.Model.Endereco, DAL" table="Endereco">

    <id name="IdEndereco" column="IdEndereco" type="Int32">
      <generator class="identity"/>
    </id>

    <property name="Logradouro" column="Logradouro" type="String" not-null="true" length="50"/>
    <property name="Cidade" column="Cidade" type="String" not-null="true" length="50"/>
    <property name="Estado" column="Estado" type="String" not-null="true" length="50"/>
    <property name="Tipo" column="Tipo" type="String" not-null="true" length="50"/>
    
    <!-- Mapeamento do Relacionamento -->
    <!-- one-to-one, one-to-many, many-to-one, many-to-many -->
    <!-- many-to-one => Muitos Enderecos para 1 Cliente -->
    <many-to-one name="Cliente" column="IdCliente"/>
    
  </class>  
  
</hibernate-mapping>
